Model,CV R2 (log),CV MAE (log),CV RMSE(log),R2 (log),MAE (log),RMSE (log),R2 (real),MAE (real),RMSE (real),MAPE (real)
Gradient Boosting,0.9618,0.2283,0.4916,0.9661,0.228,0.4674,0.9703,560802670.22,2536222928.94,0.5155
Rastgele Orman,0.9621,0.2286,0.4903,0.9634,0.2324,0.4854,0.9737,520502056.44,2389259391.15,0.5224
Karar Agaci,0.9438,0.2726,0.5974,0.9485,0.265,0.5764,0.9549,627781772.16,3125580468.36,0.9304
KNN (k=7),0.7286,0.9177,1.3131,0.7328,0.9055,1.3123,0.8305,1588177112.52,6060047700.94,6.5194
Dogrusal Regresyon,0.3184,1.5095,2.0739,0.399,1.5083,1.968,-2765581815.8651,19039480987559.52,774140079792441.8,541.0683
Ridge (alpha=1),0.3307,1.5085,2.0567,0.3986,1.5083,1.9687,-2617034945.1881,18818359308857.27,753062563440815.6,529.6309
Lasso (alpha=0.01),0.3763,1.5098,1.9882,0.3796,1.5262,1.9996,-325227385709.5619,153109720211121.9,8394983587255750.0,47606.0137
Polinomial Reg. (deg=2+Ridge),-231.6581,2.3354,26.0225,-11.4087,1.6274,8.9427,-2.4206979139122312e+98,4.1135402306853776e+57,2.290322266358708e+59,1.62434352565042e+47
